Year,Drug_Type,Race,Average_Sentence_Length_Months,Arrest_Rate_per_100000,Conviction_Rate_Percent,Jurisdiction
1980,Crack,Black,129.93428306022466,443.0867849414408,96.29537707620139,Federal
1980,Crack,Black,150.46059712816052,438.2923312638332,83.8293152152541,State
1980,Crack,White,103.68819223261087,330.69738916611635,94.0610512281301,Federal
1980,Crack,White,88.13840065378947,281.46329228750153,82.67135123214871,State
1980,Crack,Hispanic,83.62943407349051,223.46879021368807,91.55016433497393,Federal
1980,Crack,Hispanic,71.5656870613854,259.48675518662304,86.57123666297637,State
1980,Powder Cocaine,Black,30.91975924478789,107.63088895994125,94.39694630676466,Federal
1980,Powder Cocaine,Black,37.74223699513465,152.02584614063773,77.87625906893271,State
1980,Powder Cocaine,White,34.556172754748175,153.32767769129597,86.54701926773309,Federal
1980,Powder Cocaine,White,43.75698018345672,131.98083930243584,83.54153125103362,State
1980,Powder Cocaine,Hispanic,33.98293387770603,205.56834553526812,89.9595083257862,Federal
1980,Powder Cocaine,Hispanic,29.422890710440996,174.67634736309566,78.89578175014489,State
1981,Crack,Black,124.1772719000951,352.0164938060112,92.34362790220314,Federal
1981,Crack,Black,123.93722471738246,486.92332899977055,85.85684140594985,State
1981,Crack,White,78.2652757641764,287.95585217642844,92.04295601926515,Federal
1981,Crack,White,69.20233687407936,281.5744491616085,90.28561113109458,State
1981,Crack,Hispanic,85.15427434352692,229.47839378549065,95.64816793878958,Federal
1981,Crack,Hispanic,74.22376579375525,272.92311998776165,88.05838144420434,State
1981,Powder Cocaine,Black,50.30999522495951,177.93840357348597,87.48234743033208,Federal
1981,Powder Cocaine,Black,36.907876241487855,159.93790294210692,89.8777256356118,State
1981,Powder Cocaine,White,35.2082576215471,144.43023070008547,86.68099507798192,Federal
1981,Powder Cocaine,White,28.037933759193294,174.37577467182595,91.78120014285412,State
1981,Powder Cocaine,Hispanic,39.27989878419666,180.10598693676073,91.0849080751429,Federal
1981,Powder Cocaine,Hispanic,33.54880245394876,160.8418681652524,92.69018283232984,State
1982,Crack,Black,119.28347921780097,528.2321827907003,89.76050979182051,Federal
1982,Crack,Black,136.43805008750448,454.35235341190855,83.50496324767066,State
1982,Crack,White,81.37641164803253,220.4972434159643,94.56065622432497,Federal
1982,Crack,White,85.35668857267619,359.11576178966067,82.40864890863176,State
1982,Crack,Hispanic,67.87259595660218,279.9297182566185,96.83080423540414,Federal
1982,Crack,Hispanic,84.93126664489526,278.80959184931845,87.56633716556678,State
1982,Powder Cocaine,Black,40.9707754934804,179.05934971598668,87.89384071836794,Federal
1982,Powder Cocaine,Black,36.723378534022316,138.2367554060353,77.68242525933941,State
1982,Powder Cocaine,White,42.96120277064576,157.83165816539668,90.01534036992739,Federal
1982,Powder Cocaine,White,37.65412866624853,107.53887773848757,82.89677338617321,State
1982,Powder Cocaine,Hispanic,36.572854834732304,125.93168192335143,89.51614286500197,Federal
1982,Powder Cocaine,Hispanic,44.040508568145384,206.5855770363159,85.8728890641592,State
1983,Crack,Black,125.15100781445528,446.2777042116916,91.16245756940192,Federal
1983,Crack,Black,119.46972249101566,453.01151049705135,97.31621056242643,State
1983,Crack,White,77.11458552828316,312.0618936933445,94.9305764605895,Federal
1983,Crack,White,62.46982943570702,345.7129125806008,88.75966516343387,State
1983,Crack,Hispanic,91.8654792056457,263.6245018082104,97.8055886218722,Federal
1983,Crack,Hispanic,58.97223405811579,323.4742837520108,95.95227812904989,State
1983,Powder Cocaine,Black,30.094636748693116,133.01106811191684,90.29895409526293,Federal
1983,Powder Cocaine,Black,34.96524345883801,103.48009706801602,85.34281487403014,State
1983,Powder Cocaine,White,29.37696286273895,164.20777291905546,87.2417272972986,Federal
1983,Powder Cocaine,White,55.499344050175395,126.50240122991289,83.38969241897162,State
1983,Powder Cocaine,Hispanic,48.135172173696695,113.07407050698134,90.68237980381238,Federal
1983,Powder Cocaine,Hispanic,53.07142754282428,101.77550296316318,85.92316929266153,State
1984,Crack,Black,125.19765588496847,489.0911435888655,92.52609857824383,Federal
1984,Crack,Black,93.59086773831447,476.09707828084487,86.48492336616593,State
1984,Crack,White,83.75739275518815,313.857928379879,93.63995055684302,Federal
1984,Crack,White,83.48380545741506,311.72289893194727,81.42824290986816,State
1984,Crack,Hispanic,107.98661766717134,318.9533168364715,92.6173930055947,Federal
1984,Crack,Hispanic,89.84830412950744,261.01273319090717,88.93542301871226,State
1984,Powder Cocaine,Black,51.58595579007404,125.37953044944868,92.89012838773297,Federal
1984,Powder Cocaine,Black,44.12780926936498,174.6618047998347,94.48396491326974,State
1984,Powder Cocaine,White,37.54611883997129,127.38791506927531,87.33145671112344,Federal
1984,Powder Cocaine,White,31.841897150345616,147.68694871757688,86.70575987408321,State
1984,Powder Cocaine,Hispanic,42.766907993300194,174.8154974710807,90.03900567563372,Federal
1984,Powder Cocaine,Hispanic,54.53534077157317,142.06029500286132,98.6008458329481,State
1985,Crack,Black,132.51334695530014,407.1421221791859,92.85821500387777,Federal
1985,Crack,Black,129.6494483048637,438.82686073370746,88.57000247046047,State
1985,Crack,White,87.09856436860318,297.0868434937251,93.30641256386319,Federal
1985,Crack,White,57.27729162971203,282.13940191731916,89.28199397161737,State
1985,Crack,Hispanic,83.21140616195306,250.17044885152046,95.34636185170237,Federal
1985,Crack,Hispanic,85.77976069593255,264.6457025519547,85.76862552972764,State
1985,Powder Cocaine,Black,40.58208718446,115.71089106508131,91.07336208104485,Federal
1985,Powder Cocaine,Black,45.60784526368234,182.4915372952583,90.26901026017451,State
1985,Powder Cocaine,White,26.22330632042909,121.86524880254632,91.54510580162598,Federal
1985,Powder Cocaine,White,45.13785950912209,165.45143058918143,100.0,State
1985,Powder Cocaine,Hispanic,45.70890510693167,184.06696920541796,92.8620052904796,Federal
1985,Powder Cocaine,Hispanic,46.51391251305798,140.54192266078962,88.79484610246634,State
1986,Crack,Black,104.54349570924856,438.15906966299957,94.0292729043418,Federal
1986,Crack,Black,121.63748278772646,565.7329283336754,75.66367403704126,State
1986,Crack,White,90.2939028556177,235.49136515241395,94.05613626842113,Federal
1986,Crack,White,96.33425895451049,302.5712007638185,79.61127611035347,State
1986,Crack,Hispanic,69.27044436110047,327.183909957387,93.53926673656572,Federal
1986,Crack,Hispanic,83.24687884372962,301.82287359615253,81.74199826197092,State
1986,Powder Cocaine,Black,61.439440893253256,169.01757066954033,83.92457224002717,Federal
1986,Powder Cocaine,Black,41.86454314769428,130.14640605694836,89.26216667398111,State
1986,Powder Cocaine,White,32.07479261567299,146.55790675599303,91.51496183694137,Federal
1986,Powder Cocaine,White,48.657551941701215,113.99110778832672,83.32749382079525,State
1986,Powder Cocaine,Hispanic,35.25054688839044,130.40012302278865,95.29636272084329,Federal
1986,Powder Cocaine,Hispanic,44.049817109609556,112.17348136994865,89.58930973527389,State
1987,Crack,Black,162.44312394025266,501.62326302755736,91.96126006809197,Federal
1987,Crack,Black,110.31531854267497,513.3455574593312,81.4616526719061,State
1987,Crack,White,86.65729142219342,330.98536213717347,93.14613905684384,Federal
1987,Crack,White,79.10711965907299,170.3493063972371,79.87806179332856,State
1987,Crack,Hispanic,76.2114777291026,250.08867272140603,98.26482260786327,Federal
1987,Crack,Hispanic,58.54787933059051,282.39822053212066,85.65370288643045,State
1987,Powder Cocaine,Black,54.412732890661154,106.92413546461682,93.48949125646487,Federal
1987,Powder Cocaine,Black,40.10233061019587,120.55474046856148,87.31051737131635,State
1987,Powder Cocaine,White,41.9905969557347,131.99349368523616,90.20940625497006,Federal
1987,Powder Cocaine,White,36.1468640313824,153.40552035753745,88.31065337260523,State
1987,Powder Cocaine,Hispanic,55.86016816145352,112.86553503519453,96.3991001239688,Federal
1987,Powder Cocaine,Hispanic,20.479122004774982,145.4464471489325,87.94158603242288,State
1988,Crack,Black,125.61983735470065,418.8650240089703,94.58375549928545,Federal
1988,Crack,Black,110.13998130682334,420.53176215278944,89.24801048510513,State
1988,Crack,White,85.35523228947571,272.2836161895738,96.7991997508665,Federal
1988,Crack,White,84.60949281314915,332.5144847535584,88.14814420961807,State
1988,Crack,Hispanic,67.56507483616892,277.5927583921212,96.49458721024652,Federal
1988,Crack,Hispanic,89.15555398150197,299.1639362414341,85.58663691654391,State
1988,Powder Cocaine,Black,52.77664895788425,132.2528583349251,91.64129214351011,Federal
1988,Powder Cocaine,Black,37.97807347566106,143.4695639031834,90.49388425993595,State
1988,Powder Cocaine,White,48.2541634898803,174.40528908001914,93.91643642146299,Federal
1988,Powder Cocaine,White,40.21003841632759,170.4585891388489,83.44866621703272,State
1988,Powder Cocaine,Hispanic,43.24166352488442,146.09570836896947,90.29098789497816,Federal
1988,Powder Cocaine,Hispanic,45.95157025436914,125.45337950299583,95.4619363784273,State
1989,Crack,Black,99.87965237000596,389.2905693606134,97.31622174700014,Federal
1989,Crack,Black,135.8332538792587,481.2059908526078,88.1417275463214,State
1989,Crack,White,79.81629840729629,264.1098251405667,95.15160911638745,Federal
1989,Crack,White,69.84257432731832,339.00478933671,84.2647130924893,State
1989,Crack,Hispanic,67.61754204811233,287.1445663338803,95.82586290855124,Federal
1989,Crack,Hispanic,71.54413170794038,267.11118417734275,86.21843605745956,State
1989,Powder Cocaine,Black,42.44966571108723,134.79170473886612,88.58688508314503,Federal
1989,Powder Cocaine,Black,42.32049937357636,106.55746975508028,77.96268112811723,State
1989,Powder Cocaine,White,32.81555778747564,143.5965854486446,90.93272269679402,Federal
1989,Powder Cocaine,White,54.753562169495524,175.72978869606058,84.20030735018287,State
1989,Powder Cocaine,Hispanic,39.80983792097311,119.92411906086573,89.94446059202284,Federal
1989,Powder Cocaine,Hispanic,37.11341361079862,159.6815568101427,80.86384528223839,State
1990,Crack,Black,130.38693028482345,526.6369456501288,94.78247970308628,Federal
1990,Crack,Black,128.03423444197884,484.5071995855556,82.99389764057082,State
1990,Crack,White,83.36138722715626,300.5036960312718,95.19535219709766,Federal
1990,Crack,White,68.404853242168,300.9804069703577,87.48999145622724,State
1990,Crack,Hispanic,101.76715411692562,338.37083304340825,99.30636491502311,Federal
1990,Crack,Hispanic,68.48978655667926,334.89282546882714,85.91671002869175,State
1990,Powder Cocaine,Black,61.89802933217672,125.75105143934546,87.48083447345768,Federal
1990,Powder Cocaine,Black,34.00607354555978,86.28312827070579,82.3712248915962,State
1990,Powder Cocaine,White,32.40867338446302,154.51181359428622,91.02526792733148,Federal
1990,Powder Cocaine,White,58.761708392158866,178.5127151455815,82.11548172168798,State
1990,Powder Cocaine,Hispanic,31.01585328651642,164.75757514519518,86.03930037893808,Federal
1990,Powder Cocaine,Hispanic,58.31458765854354,185.38320362163861,82.65412173947648,State
1991,Crack,Black,85.73730941818245,517.6936187082706,94.77092030949477,Federal
1991,Crack,Black,144.75632623946925,370.27861706028165,82.00312488523113,State
1991,Crack,White,80.07865549577275,301.8792237505897,94.09986905704152,Federal
1991,Crack,White,89.34274898521248,257.2951828246962,84.28810257489353,State
1991,Crack,Hispanic,81.80443447567848,320.57755336234993,96.42322975617778,Federal
1991,Crack,Hispanic,63.13036862243196,238.6354331705751,91.38838410949255,State
1991,Powder Cocaine,Black,43.323140119795916,127.5454039033034,94.65345592656757,Federal
1991,Powder Cocaine,Black,41.156746342928585,185.3789155219148,85.33759240705055,State
1991,Powder Cocaine,White,60.60747924881987,202.66022527329613,89.25310755456277,Federal
1991,Powder Cocaine,White,49.71570950954356,169.36127848755442,91.84315778766174,State
1991,Powder Cocaine,Hispanic,30.350765394198955,170.58154379995318,93.17527346054877,Federal
1991,Powder Cocaine,Hispanic,22.412605135768857,114.50224462002674,74.8038391111995,State
1992,Crack,Black,114.61186331110885,485.8771127897981,98.00471410419206,Federal
1992,Crack,Black,121.4818956083955,531.4307772785646,78.09949270892554,State
1992,Crack,White,54.44926340967268,297.77809204413524,95.76813089787862,Federal
1992,Crack,White,79.5095787785886,217.30231599840494,84.55439980243605,State
1992,Crack,Hispanic,60.43295749242721,326.78690195320155,95.7331964921937,Federal
1992,Crack,Hispanic,65.90180320508966,279.44532330653226,79.70393239055524,State
1992,Powder Cocaine,Black,39.37320902726828,178.65426961503715,87.04282186099337,Federal
1992,Powder Cocaine,Black,45.040465155178445,134.09227144882678,81.03563583868828,State
1992,Powder Cocaine,White,38.929696400454425,118.94273032741879,88.33905208395845,Federal
1992,Powder Cocaine,White,28.021221074111516,208.94175398749167,85.17631775985865,State
1992,Powder Cocaine,Hispanic,33.00274492007414,156.41939732202667,89.66301585092751,Federal
1992,Powder Cocaine,Hispanic,37.79030400466777,168.42500100130275,88.78753855023652,State
1993,Crack,Black,109.38997704778944,421.209087967766,94.44989660569671,Federal
1993,Crack,Black,73.96157670528831,374.2404468900724,91.83437133722262,State
1993,Crack,White,104.67451570251926,290.03855841774487,96.15311392611153,Federal
1993,Crack,White,84.66875231815304,423.15523233820954,90.59787455717289,State
1993,Crack,Hispanic,78.0812361277885,261.77838237598297,91.78710735948485,Federal
1993,Crack,Hispanic,83.05195453800835,269.7459701886279,77.88873145201163,State
1993,Powder Cocaine,Black,33.534271157574736,117.55355989156814,95.06142490521769,Federal
1993,Powder Cocaine,Black,48.816397569494505,149.76082076050147,92.39972069445012,State
1993,Powder Cocaine,White,40.77368307647618,124.1614739601521,94.56937223180897,Federal
1993,Powder Cocaine,White,45.38910043684659,118.88261537020631,84.04830660958196,State
1993,Powder Cocaine,Hispanic,31.24381746615243,108.51600807106992,92.77853264259493,Federal
1993,Powder Cocaine,Hispanic,59.094166404701305,108.04297278542576,87.81484618345286,State
1994,Crack,Black,106.98714861756346,425.6437308117652,93.81521215152226,Federal
1994,Crack,Black,102.72018460640368,452.4260813972414,80.84524941794481,State
1994,Crack,White,84.05685238669759,297.9904756220345,94.52210390626718,Federal
1994,Crack,White,66.38654506937603,276.9291467772667,88.77695612912878,State
1994,Crack,Hispanic,87.5137578143657,260.8977902080579,95.19866461085846,Federal
1994,Crack,Hispanic,91.27080685057683,233.22378875514514,87.71680096189968,State
1994,Powder Cocaine,Black,33.37376241054153,167.1179600577948,87.71022253037245,Federal
1994,Powder Cocaine,Black,21.95117899335481,101.17372686350512,85.24042473330691,State
1994,Powder Cocaine,White,42.59722501721482,122.87050124686775,91.91577737633212,Federal
1994,Powder Cocaine,White,23.3847993773104,148.0176060405805,78.94491900118771,State
1994,Powder Cocaine,Hispanic,33.48163892197841,151.42196013949243,87.41875990414815,Federal
1994,Powder Cocaine,Hispanic,36.154444557701744,180.1887842764332,82.11554065238425,State
1995,Crack,Black,136.71384224130284,393.5146572671191,96.05960835583056,Federal
1995,Crack,Black,148.83137241315802,326.41777499363553,81.01552372264761,State
1995,Crack,White,88.6560819077081,291.8781845582803,95.74229174674262,Federal
1995,Crack,White,70.94022219926269,303.463591498916,84.2216138230396,State
1995,Crack,Hispanic,97.5167309248971,310.1768337320485,95.6752053241504,Federal
1995,Crack,Hispanic,73.821845508163,280.49575103710026,82.8372090609019,State
1995,Powder Cocaine,Black,43.944521423782966,137.3704655753921,90.86932457068924,Federal
1995,Powder Cocaine,Black,60.75400798645439,176.13374110295078,83.3698823391608,State
1995,Powder Cocaine,White,52.012139221639444,137.75773880935347,83.88562639446644,Federal
1995,Powder Cocaine,White,29.91913689082596,93.87624236922433,83.24243257979346,State
1995,Powder Cocaine,Hispanic,40.184183791895514,200.2931193682585,90.98078212129249,Federal
1995,Powder Cocaine,Hispanic,37.80899471191136,174.88216743550467,73.94432345496057,State
1996,Crack,Black,124.71229116217131,488.54325969434836,92.04282750844031,Federal
1996,Crack,Black,142.87508086413857,466.9248203747207,82.923560430496,State
1996,Crack,White,89.49172799159427,390.82771431217583,95.36373251011699,Federal
1996,Crack,White,83.72330879450504,281.62556401839026,80.75077815267605,State
1996,Crack,Hispanic,92.45503724816368,265.7566469636453,95.14313247443879,Federal
1996,Crack,Hispanic,72.83513829852325,319.15919302985566,86.66831052643474,State
1996,Powder Cocaine,Black,50.375399442578995,134.6995080343576,89.19037519411988,Federal
1996,Powder Cocaine,Black,30.212362842176926,136.67120219771664,86.88650246522425,State
1996,Powder Cocaine,White,47.56988616645352,122.33504027467123,92.60881776031698,Federal
1996,Powder Cocaine,White,53.55637858804951,162.40304709671102,94.38397906279033,State
1996,Powder Cocaine,Hispanic,32.26210800896427,112.66035890065749,84.66383925328716,Federal
1996,Powder Cocaine,Hispanic,54.96044311489183,169.63096969062173,84.72207664544773,State
1997,Crack,Black,125.59937252639641,393.72554763508117,99.89150395923366,Federal
1997,Crack,Black,122.58442363950455,455.46973973024467,88.62883311949346,State
1997,Crack,White,87.2151384760507,308.95536097116525,93.41905108910937,Federal
1997,Crack,White,87.07202535703993,375.2809798590014,91.7271002307749,State
1997,Crack,Hispanic,103.89779939959095,279.5513729427526,93.02079035948285,Federal
1997,Crack,Hispanic,78.11319619850528,302.2289964915478,90.47095759235474,State
1997,Powder Cocaine,Black,23.075353702851807,195.8865095838184,89.52597630426303,Federal
1997,Powder Cocaine,Black,35.7311893005258,119.63686874219498,76.72571664067115,State
1997,Powder Cocaine,White,48.231705839619146,152.1995390156521,86.13011730077685,Federal
1997,Powder Cocaine,White,27.04921227936384,139.92645902129615,93.34510762644696,State
1997,Powder Cocaine,Hispanic,37.40408648636395,104.90571140645682,89.26277080774217,Federal
1997,Powder Cocaine,Hispanic,37.27276430252329,69.09340071175285,84.72852566741093,State
1998,Crack,Black,115.38130939582643,484.81031824067094,98.69791218989069,Federal
1998,Crack,Black,142.53130059095514,436.5555654722585,79.46737045629165,State
1998,Crack,White,118.60039704874791,302.36873736057953,95.02785858382589,Federal
1998,Crack,White,79.63812369334995,307.9233904307142,84.27819794038028,State
1998,Crack,Hispanic,71.39506989679646,278.12564235038434,94.934493459568,Federal
1998,Crack,Hispanic,71.84862843299352,271.48616869291345,85.53215113845948,State
1998,Powder Cocaine,Black,37.450227825791444,195.11978965748065,82.04709057482097,Federal
1998,Powder Cocaine,Black,50.91506851922462,187.38255577492887,74.63304883795925,State
1998,Powder Cocaine,White,36.573124059196516,138.85677402012627,85.77746491584654,Federal
1998,Powder Cocaine,White,32.22183312409125,116.68272463602514,93.76135221711812,State
1998,Powder Cocaine,Hispanic,49.35678393147461,188.14665284982476,92.16501619212971,Federal
1998,Powder Cocaine,Hispanic,28.709482287827708,134.2643920116068,87.4468728061396,State
1999,Crack,Black,95.55744382216109,485.6499215086194,94.51934920368373,Federal
1999,Crack,Black,112.50358384900805,485.54799841017456,87.2213165574302,State
1999,Crack,White,74.5855075127138,346.37319213456993,92.8378733448002,Federal
1999,Crack,White,89.23903410416395,323.72405031873535,83.45226780343005,State
1999,Crack,Hispanic,84.89199533363177,249.95545694458787,96.8480540384138,Federal
1999,Crack,Hispanic,77.22646795335517,279.0910791792384,90.24504612918444,State
1999,Powder Cocaine,Black,32.95656309457241,107.74616110909321,85.3301124794283,Federal
1999,Powder Cocaine,Black,46.06009951345639,111.58711942511151,93.77397090992183,State
1999,Powder Cocaine,White,19.18070592116278,200.89369104870116,90.63305240160786,Federal
1999,Powder Cocaine,White,39.032868881296075,133.6524273957315,86.99568057176036,State
1999,Powder Cocaine,Hispanic,39.62365297575152,183.09905646049566,90.34268294598611,Federal
1999,Powder Cocaine,Hispanic,41.50301761461878,139.09163363358434,84.71527188139466,State
2000,Crack,Black,126.15603537784118,364.4915803671687,92.30362915578857,Federal
2000,Crack,Black,134.8652818804543,458.5432719063971,84.0800833182366,State
2000,Crack,White,80.27650899598089,313.90326821446683,93.92048063938128,Federal
2000,Crack,White,68.3254291189653,307.83381020390726,80.10813611192484,State
2000,Crack,Hispanic,86.12379133571707,231.8966558304864,97.05831127465129,Federal
2000,Crack,Hispanic,87.08896223619564,310.241189372555,89.91345491972757,State
2000,Powder Cocaine,Black,56.65474444462576,180.4311019505439,84.47737730600507,Federal
2000,Powder Cocaine,Black,27.204230332642986,131.25544266912965,85.13045525105417,State
2000,Powder Cocaine,White,45.17659020469123,128.22768560539603,90.56030029343124,Federal
2000,Powder Cocaine,White,32.44617067646678,131.65446591024156,77.96669451575889,State
2000,Powder Cocaine,Hispanic,30.767667538890958,109.44946183150999,87.072380241068,Federal
2000,Powder Cocaine,Hispanic,50.536417966078396,121.51803333504171,98.16191032418695,State
2001,Crack,Black,129.86635801761778,459.2418061847437,93.28328443963757,Federal
2001,Crack,Black,134.00619758817982,421.21810868811133,85.6100490732268,State
2001,Crack,White,118.40126807403192,296.15760401101403,97.29854665257135,Federal
2001,Crack,White,69.45235362311169,298.60046038012155,93.85400317817755,State
2001,Crack,Hispanic,70.5954941331835,372.49794231987715,96.41550387091095,Federal
2001,Crack,Hispanic,71.56299836158598,325.2963095622208,89.86277224813365,State
2001,Powder Cocaine,Black,46.21809962217196,102.89325840328631,87.81858847252539,Federal
2001,Powder Cocaine,Black,37.52481364448495,147.7669971269986,88.10336048775339,State
2001,Powder Cocaine,White,41.777010009332535,109.93966923869696,91.1405935530179,Federal
2001,Powder Cocaine,White,46.10585745283823,166.7937134379312,90.4039036277731,State
2001,Powder Cocaine,Hispanic,48.33922154548904,163.7754023768531,89.78950286562406,Federal
2001,Powder Cocaine,Hispanic,23.390390664840087,162.88854657397758,86.03843843581555,State
2002,Crack,Black,125.43157674390747,386.16257120898456,92.83788691918348,Federal
2002,Crack,Black,141.06305706665808,448.02224230716723,88.40750348686312,State
2002,Crack,White,80.42477564195691,301.1902455798298,96.876567611952,Federal
2002,Crack,White,72.25932907673939,303.84483107763936,82.6886235564748,State
2002,Crack,Hispanic,73.48255658851527,287.63311506125444,95.44426754326743,Federal
2002,Crack,Hispanic,72.81877067504784,350.23024502294084,80.52696348890248,State
2002,Powder Cocaine,Black,38.13128355838641,136.80806825177476,94.3409336530612,Federal
2002,Powder Cocaine,Black,41.965547765115744,180.95533618405904,77.57219813481514,State
2002,Powder Cocaine,White,42.67050265869259,176.6889238687031,90.24685196782627,Federal
2002,Powder Cocaine,White,50.654803750653514,134.48134649698883,92.0467372009279,State
2002,Powder Cocaine,Hispanic,62.9889812361925,139.11484318681022,88.66349243579768,Federal
2002,Powder Cocaine,Hispanic,54.53384477117701,197.38716437192136,82.38569986423366,State
2003,Crack,Black,111.59626365808285,435.9107695569746,92.31109897793145,Federal
2003,Crack,Black,101.62696107031604,399.7929616623966,81.16101217447935,State
2003,Crack,White,79.47972668919829,309.3685893014608,98.10100098562815,Federal
2003,Crack,White,65.02468938891813,339.37289593906337,83.93005577887246,State
2003,Crack,Hispanic,79.2580443552135,326.99277968666416,92.75455595687541,Federal
2003,Crack,Hispanic,85.73614619276076,306.65808832852224,87.46225632004075,State
2003,Powder Cocaine,Black,42.89168643907818,223.65900419732682,88.08678004724605,Federal
2003,Powder Cocaine,Black,34.690030449981826,131.30578420725706,82.22261440419872,State
2003,Powder Cocaine,White,33.62612872693482,185.67049593322656,94.26151274396956,Federal
2003,Powder Cocaine,White,34.29253706250524,125.02933280687314,87.35707778193202,State
2003,Powder Cocaine,Hispanic,34.477769557190285,168.98795453266533,90.6087690625539,Federal
2003,Powder Cocaine,Hispanic,24.84255885002768,196.42515603990185,93.9793883654776,State
2004,Crack,Black,107.74422619031228,430.6149220032008,95.57173078144982,Federal
2004,Crack,Black,126.6891357997405,482.92721363364154,95.05102269383175,State
2004,Crack,White,77.34579158758926,268.06811021846187,92.24136154397094,Federal
2004,Crack,White,69.0360494008712,298.67492108504814,93.97278931758893,State
2004,Crack,Hispanic,72.23583051445743,308.95151806555594,94.96715420785449,Federal
2004,Crack,Hispanic,97.82589910172126,401.0772970349449,82.3456561353984,State
2004,Powder Cocaine,Black,35.10560557481778,181.32482631207216,92.04567446887893,Federal
2004,Powder Cocaine,Black,58.46707325736034,167.51784555977892,83.2035395460647,State
2004,Powder Cocaine,White,45.90654830692309,183.26110741748724,92.46144654359209,Federal
2004,Powder Cocaine,White,45.07274031107298,182.00024068767462,90.84647795222837,State
2004,Powder Cocaine,Hispanic,53.82158991037527,169.46129662768928,89.49864575904944,Federal
2004,Powder Cocaine,Hispanic,41.46713686433323,186.1952689952507,80.91532164506381,State
2005,Crack,Black,127.37346617745803,430.33305938363196,95.05748964586964,Federal
2005,Crack,Black,145.56903725214596,459.55495340099515,85.23218274078074,State
2005,Crack,White,59.60215788530121,329.85014264108884,96.29096836228216,Federal
2005,Crack,White,112.4488208495819,287.68887060187996,86.0957516383197,State
2005,Crack,Hispanic,83.74075525566133,363.098131190539,94.8094089352261,Federal
2005,Crack,Hispanic,84.18532288655508,324.3158603886616,85.9330456157818,State
2005,Powder Cocaine,Black,35.535663854494715,155.82269978694922,93.22089524957931,Federal
2005,Powder Cocaine,Black,29.7348470058894,153.98909022440628,81.49939592530413,State
2005,Powder Cocaine,White,51.950466289248425,104.30439285648676,88.32323445818524,Federal
2005,Powder Cocaine,White,43.772118750645205,196.9657208770302,84.67124869463507,State
2005,Powder Cocaine,Hispanic,34.44800473306802,206.4347120832177,85.65595829875127,Federal
2005,Powder Cocaine,Hispanic,18.011940433799182,163.20043350159997,82.48972887823695,State
2006,Crack,Black,99.57534365738573,485.41782236496766,95.4876014275424,Federal
2006,Crack,Black,108.71842738526543,385.9847800664553,89.36228664140073,State
2006,Crack,White,89.75301766937991,296.0329654488247,98.69327399209533,Federal
2006,Crack,White,63.94872850510771,238.97899316301044,81.54045965059377,State
2006,Crack,Hispanic,79.31620975466754,309.73357797290765,94.51752788428735,Federal
2006,Crack,Hispanic,85.28083094771445,249.93842303238225,92.2188230203663,State
2006,Powder Cocaine,Black,39.178488216074314,183.51887494764384,91.02817603913311,Federal
2006,Powder Cocaine,Black,44.567532191537836,167.0930184069661,87.23854280008658,State
2006,Powder Cocaine,White,46.42722759867544,189.87457590397293,90.58956350910441,Federal
2006,Powder Cocaine,White,47.09003757588512,147.3079291713832,92.20058607724737,State
2006,Powder Cocaine,Hispanic,33.2360769794073,204.02821298732448,89.87952614806697,Federal
2006,Powder Cocaine,Hispanic,25.69224897881952,153.84313244732368,81.59474171262559,State
2007,Crack,Black,136.8128709797745,417.36880103488045,94.10763313357045,Federal
2007,Crack,Black,82.20918538108938,427.38468403754615,72.88060336685521,State
2007,Crack,White,56.24145764771415,330.4165862457719,96.57160031730166,Federal
2007,Crack,White,86.38186342677447,261.3209542748315,84.7614432192901,State
2007,Crack,Hispanic,79.94596191364147,253.6654124322983,98.0067966035343,Federal
2007,Crack,Hispanic,93.16043435863507,291.16143304681344,85.13442919497265,State
2007,Powder Cocaine,Black,42.08382807947552,88.74795394727128,89.25846785243822,Federal
2007,Powder Cocaine,Black,33.180157520022014,119.95139970315253,83.59449853557022,State
2007,Powder Cocaine,White,57.976865268495224,169.22528583801028,88.2864630306516,Federal
2007,Powder Cocaine,White,45.72582781356159,191.98066309758008,89.62316841456385,State
2007,Powder Cocaine,Hispanic,40.59630369920174,130.5918966688328,92.09466994084077,Federal
2007,Powder Cocaine,Hispanic,43.934853854217494,176.85579660083198,88.17585900840984,State
2008,Crack,Black,140.9910543063867,423.2382394219716,97.63478813126865,Federal
2008,Crack,Black,123.95199209384799,553.7630436312633,81.55406090955216,State
2008,Crack,White,106.03945704747875,307.9164313385059,93.69716399277111,Federal
2008,Crack,White,72.74171248918518,287.1861076722272,87.12082973200958,State
2008,Crack,Hispanic,87.8425323205325,277.05199984245684,94.95129081547803,Federal
2008,Crack,Hispanic,112.13405537917795,369.10172680402843,87.18161834837016,State
2008,Powder Cocaine,Black,40.380034781682,153.60093980154784,91.84055391819125,Federal
2008,Powder Cocaine,Black,29.772074348015945,142.27870387729965,76.65707963061206,State
2008,Powder Cocaine,White,43.992231226052795,169.41587819108224,88.55044061310188,Federal
2008,Powder Cocaine,White,55.73986763290033,113.22703010992976,77.6781255989509,State
2008,Powder Cocaine,Hispanic,42.24451818559972,181.41294907836465,95.0517830743736,Federal
2008,Powder Cocaine,Hispanic,35.4111573713106,182.36042500293888,84.80745765249647,State
2009,Crack,Black,116.54745400118361,494.18299687433364,96.30464575682684,Federal
2009,Crack,Black,88.47215686031501,523.8270174862948,91.90045677073726,State
2009,Crack,White,70.61655947735706,315.83214133749635,95.98806037256547,Federal
2009,Crack,White,83.9101064873586,277.9877938461832,81.64188316030975,State
2009,Crack,Hispanic,79.61668893512832,346.90916077037457,96.08720030918886,Federal
2009,Crack,Hispanic,74.44078501870841,330.8679484259338,70.75728689684962,State
2009,Powder Cocaine,Black,51.48765700372103,97.80858663665701,88.9126771757906,Federal
2009,Powder Cocaine,Black,28.80330105373856,111.15955572837282,90.8041339368926,State
2009,Powder Cocaine,White,35.32298798688109,160.39511645192147,89.85923826336244,Federal
2009,Powder Cocaine,White,44.770408272231215,152.30465673180765,78.58503887905715,State
2009,Powder Cocaine,Hispanic,49.9626681944714,135.18730250516063,85.33025430402074,Federal
2009,Powder Cocaine,Hispanic,35.718848390340874,195.02279371902932,89.25110871056746,State
2010,Crack,Black,74.7702179838821,432.53711478407854,94.35672989756523,Federal
2010,Crack,Black,111.15121975341262,469.09677261157765,87.15020823595535,State
2010,Crack,White,70.30283454031843,309.55156636106057,94.4819157083586,Federal
2010,Crack,White,58.03650150915022,297.13594962343745,84.81388881745079,State
2010,Crack,Hispanic,67.2762954363698,302.077835432292,96.46528015443116,Federal
2010,Crack,Hispanic,59.19283419891418,303.1454076126436,75.00899657733946,State
2010,Powder Cocaine,Black,49.16327674702482,160.39465427693978,92.99403032957896,Federal
2010,Powder Cocaine,Black,11.037446218063106,212.65124114342183,84.30205185922414,State
2010,Powder Cocaine,White,51.081828167375164,118.80282218623407,91.8383217151877,Federal
2010,Powder Cocaine,White,29.46584436826344,131.28693117912584,94.57015676933393,State
2010,Powder Cocaine,Hispanic,38.09317599236653,156.5229861953917,92.61020319206627,Federal
2010,Powder Cocaine,Hispanic,44.95681887972604,154.5125671543073,86.82480501233113,State
2011,Crack,Black,116.05123377857413,447.1190601483207,95.40219809342993,Federal
2011,Crack,Black,95.75981594011418,505.2762966478992,90.9351515278019,State
2011,Crack,White,66.38730222029184,254.27980349078067,98.26686306460219,Federal
2011,Crack,White,48.53654606981312,312.10541860956135,81.22862074990321,State
2011,Crack,Hispanic,59.35861653407007,313.1504964121392,95.64271443090054,Federal
2011,Crack,Hispanic,64.21920754235285,364.54845076234585,87.2676715075699,State
2011,Powder Cocaine,Black,37.558433647093516,178.92261504865073,93.56841146677392,Federal
2011,Powder Cocaine,Black,27.723921848630077,167.92200209549574,88.5058637115545,State
2011,Powder Cocaine,White,37.02436496640008,191.2712043993486,89.54983323890242,Federal
2011,Powder Cocaine,White,41.255764534715425,144.8078452714839,85.07789523790734,State
2011,Powder Cocaine,Hispanic,29.037249131047982,106.79847352217118,94.78351518967492,Federal
2011,Powder Cocaine,Hispanic,31.530386516816723,120.25822951631079,74.23304943198143,State
2012,Crack,Black,70.41557378465747,383.8455103296251,98.28403032027273,Federal
2012,Crack,Black,95.1472563401395,415.5924827411138,96.26217902672154,State
2012,Crack,White,69.81765486991594,287.0067446596551,90.00118857025285,Federal
2012,Crack,White,82.90942572590743,244.41710132945616,76.77300626521554,State
2012,Crack,Hispanic,70.2257043200964,397.5900962535709,97.76854563702103,Federal
2012,Crack,Hispanic,65.6390912005236,323.79017366661145,89.26707779390154,State
2012,Powder Cocaine,Black,47.589285897867654,158.43574271908128,90.31260331185563,Federal
2012,Powder Cocaine,Black,39.374068721004775,127.38106233399971,83.59662461566613,State
2012,Powder Cocaine,White,23.070431858046145,147.0498111961575,87.03422667854724,Federal
2012,Powder Cocaine,White,28.96410682784229,155.39682453460435,91.96001143172299,State
2012,Powder Cocaine,Hispanic,49.183166060023126,102.88498189130469,87.03111559028899,Federal
2012,Powder Cocaine,Hispanic,49.40771187988216,120.52537819385071,83.87683425001488,State
2013,Crack,Black,88.25078148536828,401.58277725681825,95.21075101229192,Federal
2013,Crack,Black,59.989617576226934,419.9316178024393,86.59890967071269,State
2013,Crack,White,44.070062664683306,317.61898951841596,94.96072440214664,Federal
2013,Crack,White,65.52489954417148,308.95656536258645,91.82070214986922,State
2013,Crack,Hispanic,61.25224502647907,282.8237783549899,95.24459500606457,Federal
2013,Crack,Hispanic,65.43298029036387,301.9544028130282,85.20295845601942,State
2013,Powder Cocaine,Black,32.980083121932445,130.11297247347156,85.79218418460091,Federal
2013,Powder Cocaine,Black,57.495767431869396,112.68410293826145,81.53547401102047,State
2013,Powder Cocaine,White,32.81592734430802,176.84773130833324,89.11515096512392,Federal
2013,Powder Cocaine,White,52.477420726737336,129.79528127268395,86.39497081111901,State
2013,Powder Cocaine,Hispanic,31.646529467402427,214.35447383320167,86.43720474291146,Federal
2013,Powder Cocaine,Hispanic,43.09820710227027,169.01330642796296,87.0689954872575,State
2014,Crack,Black,77.22068511683437,443.5089650133287,95.08762294395822,Federal
2014,Crack,Black,77.79496997557267,498.1939558397455,96.05261500795676,State
2014,Crack,White,54.425082149921664,245.2078808168369,94.8234359032975,Federal
2014,Crack,White,85.79709337654319,267.8530172812108,93.19558402722033,State
2014,Crack,Hispanic,76.77700814076441,277.8564703316802,96.13796615837055,Federal
2014,Crack,Hispanic,76.28396623128538,284.83489036050054,83.98209819948819,State
2014,Powder Cocaine,Black,34.18319086051356,119.557298079214,88.05216736480197,Federal
2014,Powder Cocaine,Black,27.760597332377436,151.02250404777678,81.15013384470679,State
2014,Powder Cocaine,White,42.33785911790748,103.32313061389118,90.99264069664338,Federal
2014,Powder Cocaine,White,48.33528961608925,90.18793072285634,86.87028284923787,State
2014,Powder Cocaine,Hispanic,52.27668992473292,113.71076943926383,95.01771716051312,Federal
2014,Powder Cocaine,Hispanic,44.190190093660455,128.84964432724774,84.72115461171147,State
2015,Crack,Black,88.37490368782584,453.80026957062057,96.07751198489274,Federal
2015,Crack,Black,66.1898961038095,458.4680412018039,77.9314275154751,State
2015,Crack,White,58.887739386513,263.8436943414084,93.52894011482047,Federal
2015,Crack,White,72.36093175210438,343.6524048237708,88.04569060453588,State
2015,Crack,Hispanic,49.07687235327421,287.3436620122079,97.42619539995837,Federal
2015,Crack,Hispanic,61.417169136399046,392.7731815992678,86.96658919697185,State
2015,Powder Cocaine,Black,41.92049116490031,140.72650607392495,90.40062271434685,Federal
2015,Powder Cocaine,Black,38.47530163619456,171.2432603006577,89.78351158397292,State
2015,Powder Cocaine,White,32.140105394920504,110.06301139326666,84.49138388069011,Federal
2015,Powder Cocaine,White,45.079913269125434,116.89900181478379,74.23554703523759,State
2015,Powder Cocaine,Hispanic,43.885786045309644,224.78998552298373,89.98178726538032,Federal
2015,Powder Cocaine,Hispanic,48.38490774451642,152.45488075642695,84.50555173404429,State
2016,Crack,Black,93.78614724481653,435.48627279056745,95.53478462814381,Federal
2016,Crack,Black,84.8254670929402,416.59547731784755,89.96021174768262,State
2016,Crack,White,58.25040243304591,269.7701936202862,96.07301968714081,Federal
2016,Crack,White,51.015320182089624,301.12724629476514,84.95440501677898,State
2016,Crack,Hispanic,70.85895565831578,318.98792931519813,94.94994608250971,Federal
2016,Crack,Hispanic,68.17766299200287,355.60830196069253,87.78905153175931,State
2016,Powder Cocaine,Black,40.103526198433805,110.64491302949521,86.80465901077389,Federal
2016,Powder Cocaine,Black,36.94775295645332,131.7146339352215,84.06514348507277,State
2016,Powder Cocaine,White,40.56649924897107,165.89078263070192,89.78850366582273,Federal
2016,Powder Cocaine,White,44.86501643826202,151.9342324443036,75.12266716823065,State
2016,Powder Cocaine,Hispanic,30.606646061812455,145.67737332835154,86.37091577147667,Federal
2016,Powder Cocaine,Hispanic,45.99928729996205,195.92252497031092,91.09380925848659,State
2017,Crack,Black,76.79835693604689,524.5363068424977,95.29733491440422,Federal
2017,Crack,Black,74.94371043322941,419.329866822953,83.48765156755935,State
2017,Crack,White,56.118231814587716,306.8166488950195,95.32114796209973,Federal
2017,Crack,White,60.03046020153415,317.477526789854,90.9532313739317,State
2017,Crack,Hispanic,69.49554135441323,240.60408126200386,89.89215773019609,Federal
2017,Crack,Hispanic,69.34319911239274,245.32485206338316,83.87617299053659,State
2017,Powder Cocaine,Black,28.298869739406406,95.94058687259941,91.62438818461436,Federal
2017,Powder Cocaine,Black,47.59155160302647,132.70468797819842,72.04478853927546,State
2017,Powder Cocaine,White,34.53755551747517,161.7541201620764,85.56326529367762,Federal
2017,Powder Cocaine,White,41.83359919779156,149.54070452481014,87.89645749800545,State
2017,Powder Cocaine,Hispanic,41.19580368414153,120.80793177355334,93.58971450499348,Federal
2017,Powder Cocaine,Hispanic,38.4147042697303,149.18086381470204,80.33366020463401,State
2018,Crack,Black,73.35076623212734,405.759864298655,94.65410788015315,Federal
2018,Crack,Black,105.67562720213516,381.4049428534322,76.93219301061629,State
2018,Crack,White,74.71170327493608,291.62705291392535,93.66185452268017,Federal
2018,Crack,White,70.39904687396077,275.77537841052543,94.13004856773468,State
2018,Crack,Hispanic,66.7792587133927,280.48354367417187,99.314616426531,Federal
2018,Crack,Hispanic,53.94285076996662,329.68381488037227,86.49646290203246,State
2018,Powder Cocaine,Black,53.01741289398798,196.84533590180558,90.0960124471973,Federal
2018,Powder Cocaine,Black,32.46582129653817,163.7991642881735,81.61142315123946,State
2018,Powder Cocaine,White,60.13387247526623,154.09605993248212,88.90403534606368,Federal
2018,Powder Cocaine,White,41.84680305864909,109.58621131410911,80.14192980744674,State
2018,Powder Cocaine,Hispanic,52.00413907944426,130.29317163085813,86.85926705195418,Federal
2018,Powder Cocaine,Hispanic,45.36652752527286,185.57112463988992,88.59476655332533,State
2019,Crack,Black,94.94071528708724,412.16024557152696,92.15637866651632,Federal
2019,Crack,Black,102.5200047793323,433.8660080578932,83.74583491772476,State
2019,Crack,White,73.28194141849058,322.2492003760264,95.91177554416322,Federal
2019,Crack,White,81.65002344901083,274.2592707847943,89.63920064040619,State
2019,Crack,Hispanic,60.570131248970846,310.74369115453027,98.05693685282506,Federal
2019,Crack,Hispanic,65.07835756289624,321.5318431619853,90.362536686549,State
2019,Powder Cocaine,Black,36.350472704571146,124.8237099798298,86.8655724179369,Federal
2019,Powder Cocaine,Black,20.33643410623998,211.68621389820967,79.48395817139158,State
2019,Powder Cocaine,White,37.78746376414228,141.69560100333237,90.9222200934273,Federal
2019,Powder Cocaine,White,48.15737212539297,175.81420465079236,82.08461280715531,State
2019,Powder Cocaine,Hispanic,38.32878286213589,158.477398514649,89.25392662144935,Federal
2019,Powder Cocaine,Hispanic,56.07345576019993,164.72924854914754,88.67438893024908,State
2020,Crack,Black,89.94321903001119,508.67369287426624,95.36204311740741,Federal
2020,Crack,Black,60.5475207806623,469.9843975876321,81.74321553104086,State
2020,Crack,White,54.713833182502434,323.4545607502037,97.47656614286727,Federal
2020,Crack,White,60.21271576736061,312.35332050395857,93.5110747231762,State
2020,Crack,Hispanic,62.407531794885685,404.0673245672158,96.13101929126309,Federal
2020,Crack,Hispanic,42.39237240844182,330.1336648441813,86.90579192441389,State
2020,Powder Cocaine,Black,52.897527540827454,170.19544053809875,89.58463204804868,Federal
2020,Powder Cocaine,Black,27.757017637106344,143.72930228141925,80.7473977289535,State
2020,Powder Cocaine,White,34.19476550195277,167.65735213261829,95.00971351305422,Federal
2020,Powder Cocaine,White,43.94671529822981,114.12350813894447,87.22301334110071,State
2020,Powder Cocaine,Hispanic,51.966314866456514,131.70651287041852,89.59794849998124,Federal
2020,Powder Cocaine,Hispanic,40.14688194729197,126.4530506075328,88.2414021692193,State
2021,Crack,Black,78.18577777088328,470.9766221953514,93.2250156443958,Federal
2021,Crack,Black,73.43812549514884,486.11906789138857,83.13583423954117,State
2021,Crack,White,77.26963851233405,284.0145525754159,95.44936945150377,Federal
2021,Crack,White,69.3259083187309,243.26537068267874,76.19595594009613,State
2021,Crack,Hispanic,44.74343685429905,350.50336413708726,93.89628370821511,Federal
2021,Crack,Hispanic,85.58199285668252,277.43009605370446,85.92275651598518,State
2021,Powder Cocaine,Black,55.421099525678756,210.18278664477367,96.18451072990919,Federal
2021,Powder Cocaine,Black,52.083662305931426,180.72187577434386,87.96263474600592,State
2021,Powder Cocaine,White,47.78361076166638,133.464428510144,87.54540334973308,Federal
2021,Powder Cocaine,White,39.96625542589048,144.89446132425215,82.73385975336362,State
2021,Powder Cocaine,Hispanic,46.963874474567156,178.6591562571153,90.26522065887555,Federal
2021,Powder Cocaine,Hispanic,54.77530081055262,115.74932657599484,84.03170270360141,State
2022,Crack,Black,69.24766519095793,356.673169146347,94.83463862831461,Federal
2022,Crack,Black,78.17378737425075,525.6724871621066,88.15405842277389,State
2022,Crack,White,49.758131756707954,374.1637026533675,97.4420673910507,Federal
2022,Crack,White,65.82097703468615,290.9406360460067,80.2028038163826,State
2022,Crack,Hispanic,56.27793223928947,343.5499447881674,98.76917261186922,Federal
2022,Crack,Hispanic,75.43243528272188,280.44602312854903,79.40191283355495,State
2022,Powder Cocaine,Black,41.40886246911204,96.94681903311445,90.96950314255434,Federal
2022,Powder Cocaine,Black,38.52397413701331,136.01890494395272,77.02648466366603,State
2022,Powder Cocaine,White,45.136001065697165,134.01897481014265,86.49024949286914,Federal
2022,Powder Cocaine,White,11.277377867183507,149.17455284848091,93.86125798334872,State
2022,Powder Cocaine,Hispanic,56.6125921454787,136.28711230241186,88.19336381891466,Federal
2022,Powder Cocaine,Hispanic,44.68774256075024,120.04843682435126,86.50895949909733,State
2023,Crack,Black,91.49120417577035,511.34666119421536,94.7996918470401,Federal
2023,Crack,Black,76.94489374734552,406.1008706621719,80.8655982298007,State
2023,Crack,White,57.73521108098473,314.6946202726471,96.8271692524665,Federal
2023,Crack,White,51.96821049319655,359.7075427583809,83.64438199478715,State
2023,Crack,Hispanic,59.78632705651564,270.1115328340871,90.15151947945412,Federal
2023,Crack,Hispanic,68.8404539636105,329.4737558836973,83.59336221440893,State
2023,Powder Cocaine,Black,40.66990717224872,165.47817653112298,85.31236242934037,Federal
2023,Powder Cocaine,Black,34.70947322653705,173.8279403886548,78.72855288415376,State
2023,Powder Cocaine,White,42.935579321666296,109.30254586129786,91.39928994730057,Federal
2023,Powder Cocaine,White,39.643585177025166,101.54604552283472,90.82369677228586,State
2023,Powder Cocaine,Hispanic,32.65408423201951,125.69242688956857,90.60170759169283,Federal
2023,Powder Cocaine,Hispanic,51.48637349428715,119.52534543064809,85.30839924923986,State
